Model,TSS,HSS,Brier,AUC,ECE,LeadTime(s),FAR,F1
XGB,0.6856,0.5127,0.13899999856948853,0.9137,0.2451,137.5,0.1235,0.5835
RF,0.6727,0.51,0.0756,0.9024,0.1147,137.5,0.1203,0.5806
LSTM,0.3378,0.2262,0.3418000042438507,0.7199,0.4965,136.6,0.2039,0.3459
